term	valence	score
abandon	negative	-0.4
abandoned	negative	-0.4
abandons	negative	-0.4
abducted	negative	-0.4
abduction	negative	-0.4
abductions	negative	-0.4
abhor	negative	-0.6
abhorred	negative	-0.6
abhorrent	negative	-0.6
abhors	negative	-0.6
abilities	positive	0.4
ability	positive	0.4
aboard	positive	0.2
absentee	negative	-0.2
absentees	negative	-0.2
absolve	positive	0.4
absolved	positive	0.4
absolves	positive	0.4
absolving	positive	0.4
absorbed	positive	0.2
abuse	negative	-0.6
abused	negative	-0.6
abuses	negative	-0.6
abusive	negative	-0.6
accept	positive	0.2
accepted	positive	0.2
accepting	positive	0.2
accepts	positive	0.2
accident	negative	-0.4
accidental	negative	-0.4
accidentally	negative	-0.4
accidents	negative	-0.4
accomplish	positive	0.4
accomplished	positive	0.4
accomplishes	positive	0.4
accusation	negative	-0.4
accusations	negative	-0.4
accuse	negative	-0.4
accused	negative	-0.4
accuses	negative	-0.4
accusing	negative	-0.4
ache	negative	-0.4
achievable	positive	0.2
aching	negative	-0.4
acquit	positive	0.4
acquits	positive	0.4
acquitted	positive	0.4
acquitting	positive	0.4
acrimonious	negative	-0.6
active	positive	0.2
adequate	positive	0.2
admire	positive	0.6
admired	positive	0.6
admires	positive	0.6
admiring	positive	0.6
admit	negative	-0.2
admits	negative	-0.2
admitted	negative	-0.2
admonish	negative	-0.4
admonished	negative	-0.4
adopt	positive	0.2
adopts	positive	0.2
adorable	positive	0.6
adore	positive	0.6
adored	positive	0.6
adores	positive	0.6
advanced	positive	0.2
advantage	positive	0.4
advantages	positive	0.4
adventure	positive	0.4
adventures	positive	0.4
adventurous	positive	0.4
affected	negative	-0.2
affection	positive	0.6
affectionate	positive	0.6
afflicted	negative	-0.2
affronted	negative	-0.2
afraid	negative	-0.4
aggravate	negative	-0.4
aggravated	negative	-0.4
aggravates	negative	-0.4
aggravating	negative	-0.4
aggression	negative	-0.4
aggressions	negative	-0.4
aggressive	negative	-0.4
aghast	negative	-0.4
agog	positive	0.4
agonise	negative	-0.6
agonised	negative	-0.6
agonises	negative	-0.6
agonising	negative	-0.6
agonize	negative	-0.6
agonized	negative	-0.6
agonizes	negative	-0.6
agonizing	negative	-0.6
agree	positive	0.2
agreeable	positive	0.4
agreed	positive	0.2
agreement	positive	0.2
agrees	positive	0.2
alarm	negative	-0.4
alarmed	negative	-0.4
alarmist	negative	-0.4
alarmists	negative	-0.4
alas	negative	-0.2
alert	negative	-0.2
alienation	negative	-0.4
alive	positive	0.2
allergic	negative	-0.4
allow	positive	0.2
alone	negative	-0.4
amaze	positive	0.4
amazed	positive	0.4
amazes	positive	0.4
amazing	positive	0.8
ambitious	positive	0.4
ambivalent	negative	-0.2
amuse	positive	0.6
amused	positive	0.6
amusement	positive	0.6
amusements	positive	0.6
anger	negative	-0.6
angers	negative	-0.6
angry	negative	-0.6
anguish	negative	-0.6
anguished	negative	-0.6
animosity	negative	-0.4
annoy	negative	-0.4
annoyance	negative	-0.4
annoyed	negative	-0.4
annoying	negative	-0.4
annoys	negative	-0.4
antagonistic	negative	-0.4
anti	negative	-0.2
anticipation	positive	0.2
anxiety	negative	-0.4
anxious	negative	-0.4
apathetic	negative	-0.6
apathy	negative	-0.6
apeshit	negative	-0.6
apocalyptic	negative	-0.4
apologise	negative	-0.2
apologised	negative	-0.2
apologises	negative	-0.2
apologising	negative	-0.2
apologize	negative	-0.2
apologized	negative	-0.2
apologizes	negative	-0.2
apologizing	negative	-0.2
apology	negative	-0.2
appalled	negative	-0.4
appalling	negative	-0.4
appease	positive	0.4
appeased	positive	0.4
appeases	positive	0.4
appeasing	positive	0.4
applaud	positive	0.4
applauded	positive	0.4
applauding	positive	0.4
applauds	positive	0.4
applause	positive	0.4
appreciate	positive	0.4
appreciated	positive	0.4
appreciates	positive	0.4
appreciating	positive	0.4
appreciation	positive	0.4
apprehensive	negative	-0.4
approval	positive	0.4
approved	positive	0.4
approves	positive	0.4
ardent	positive	0.2
arrest	negative	-0.4
arrested	negative	-0.6
arrests	negative	-0.4
arrogant	negative	-0.4
ashame	negative	-0.4
ashamed	negative	-0.4
ass	negative	-0.8
assassination	negative	-0.6
assassinations	negative	-0.6
asset	positive	0.4
assets	positive	0.4
assfucking	negative	-0.8
asshole	negative	-0.8
astonished	positive	0.4
astound	positive	0.6
astounded	positive	0.6
astounding	positive	0.6
astoundingly	positive	0.6
astounds	positive	0.6
attack	negative	-0.2
attacked	negative	-0.2
attacking	negative	-0.2
attacks	negative	-0.2
attract	positive	0.2
attracted	positive	0.2
attracting	positive	0.4
attraction	positive	0.4
attractions	positive	0.4
attracts	positive	0.2
audacious	positive	0.6
authority	positive	0.2
avert	negative	-0.2
averted	negative	-0.2
averts	negative	-0.2
avid	positive	0.4
avoid	negative	-0.2
avoided	negative	-0.2
avoids	negative	-0.2
await	negative	-0.2
awaited	negative	-0.2
awaits	negative	-0.2
award	positive	0.6
awarded	positive	0.6
awards	positive	0.6
awesome	positive	0.8
awful	negative	-0.6
awkward	negative	-0.4
axe	negative	-0.2
axed	negative	-0.2
backed	positive	0.2
backing	positive	0.4
backs	positive	0.2
bad	negative	-0.6
badass	negative	-0.6
badly	negative	-0.6
bailout	negative	-0.4
bamboozle	negative	-0.4
bamboozled	negative	-0.4
bamboozles	negative	-0.4
ban	negative	-0.4
banish	negative	-0.2
bankrupt	negative	-0.6
bankster	negative	-0.6
banned	negative	-0.4
bargain	positive	0.4
barrier	negative	-0.4
bastard	negative	-1
bastards	negative	-1
battle	negative	-0.2
battles	negative	-0.2
beaten	negative	-0.4
beatific	positive	0.6
beating	negative	-0.2
beauties	positive	0.6
beautiful	positive	0.6
beautifully	positive	0.6
beautify	positive	0.6
belittle	negative	-0.4
belittled	negative	-0.4
beloved	positive	0.6
benefit	positive	0.4
benefits	positive	0.4
benefitted	positive	0.4
benefitting	positive	0.4
bereave	negative	-0.4
bereaved	negative	-0.4
bereaves	negative	-0.4
bereaving	negative	-0.4
best	positive	0.6
betray	negative	-0.6
betrayal	negative	-0.6
betrayed	negative	-0.6
betraying	negative	-0.6
betrays	negative	-0.6
better	positive	0.4
bias	negative	-0.2
biased	negative	-0.4
big	positive	0.2
bitch	negative	-1
bitches	negative	-1
bitter	negative	-0.4
bitterly	negative	-0.4
bizarre	negative	-0.4
blah	negative	-0.4
blame	negative	-0.4
blamed	negative	-0.4
blames	negative	-0.4
blaming	negative	-0.4
bless	positive	0.4
blesses	positive	0.4
blessing	positive	0.6
blind	negative	-0.2
bliss	positive	0.6
blissful	positive	0.6
blithe	positive	0.4
block	negative	-0.2
blockbuster	positive	0.6
blocked	negative	-0.2
blocking	negative	-0.2
blocks	negative	-0.2
bloody	negative	-0.6
blurry	negative	-0.4
boastful	negative	-0.4
bold	positive	0.4
boldly	positive	0.4
bomb	negative	-0.2
boost	positive	0.2
boosted	positive	0.2
boosting	positive	0.2
boosts	positive	0.2
bore	negative	-0.4
bored	negative	-0.4
boring	negative	-0.6
bother	negative	-0.4
bothered	negative	-0.4
bothers	negative	-0.4
bothersome	negative	-0.4
boycott	negative	-0.4
boycotted	negative	-0.4
boycotting	negative	-0.4
boycotts	negative	-0.4
brainwashing	negative	-0.6
brave	positive	0.4
breakthrough	positive	0.6
breathtaking	positive	1
bribe	negative	-0.6
bright	positive	0.2
brightest	positive	0.4
brightness	positive	0.2
brilliant	positive	0.8
brisk	positive	0.4
broke	negative	-0.2
broken	negative	-0.2
brooding	negative	-0.4
bullied	negative	-0.4
bullshit	negative	-0.8
bully	negative	-0.4
bullying	negative	-0.4
bummer	negative	-0.4
buoyant	positive	0.4
burden	negative	-0.4
burdened	negative	-0.4
burdening	negative	-0.4
burdens	negative	-0.4
calm	positive	0.4
calmed	positive	0.4
calming	positive	0.4
calms	positive	0.4
can't stand	negative	-0.6
cancel	negative	-0.2
cancelled	negative	-0.2
cancelling	negative	-0.2
cancels	negative	-0.2
cancer	negative	-0.2
capable	positive	0.2
captivated	positive	0.6
care	positive	0.4
carefree	positive	0.2
careful	positive	0.4
carefully	positive	0.4
careless	negative	-0.4
cares	positive	0.4
cashing in	negative	-0.4
casualty	negative	-0.4
catastrophe	negative	-0.6
catastrophic	negative	-0.8
cautious	negative	-0.2
celebrate	positive	0.6
celebrated	positive	0.6
celebrates	positive	0.6
celebrating	positive	0.6
censor	negative	-0.4
censored	negative	-0.4
censors	negative	-0.4
certain	positive	0.2
chagrin	negative	-0.4
chagrined	negative	-0.4
challenge	negative	-0.2
chance	positive	0.4
chances	positive	0.4
chaos	negative	-0.4
chaotic	negative	-0.4
charged	negative	-0.6
charges	negative	-0.4
charm	positive	0.6
charming	positive	0.6
charmless	negative	-0.6
chastise	negative	-0.6
chastised	negative	-0.6
chastises	negative	-0.6
chastising	negative	-0.6
cheat	negative	-0.6
cheated	negative	-0.6
cheater	negative	-0.6
cheaters	negative	-0.6
cheats	negative	-0.6
cheer	positive	0.4
cheered	positive	0.4
cheerful	positive	0.4
cheering	positive	0.4
cheerless	negative	-0.4
cheers	positive	0.4
cheery	positive	0.6
cherish	positive	0.4
cherished	positive	0.4
cherishes	positive	0.4
cherishing	positive	0.4
chic	positive	0.4
childish	negative	-0.4
chilling	negative	-0.2
choke	negative	-0.4
choked	negative	-0.4
chokes	negative	-0.4
choking	negative	-0.4
clarifies	positive	0.4
clarity	positive	0.4
clash	negative	-0.4
classy	positive	0.6
clean	positive	0.4
cleaner	positive	0.4
clear	positive	0.2
cleared	positive	0.2
clearly	positive	0.2
clears	positive	0.2
clever	positive	0.4
clouded	negative	-0.2
clueless	negative	-0.4
cock	negative	-1
cocksucker	negative	-1
cocksuckers	negative	-1
cocky	negative	-0.4
coerced	negative	-0.4
collapse	negative	-0.4
collapsed	negative	-0.4
collapses	negative	-0.4
collapsing	negative	-0.4
collide	negative	-0.2
collides	negative	-0.2
colliding	negative	-0.2
collision	negative	-0.4
collisions	negative	-0.4
colluding	negative	-0.6
combat	negative	-0.2
combats	negative	-0.2
comedy	positive	0.2
comfort	positive	0.4
comfortable	positive	0.4
comforting	positive	0.4
comforts	positive	0.4
commend	positive	0.4
commended	positive	0.4
commit	positive	0.2
commitment	positive	0.4
commits	positive	0.2
committed	positive	0.2
committing	positive	0.2
compassionate	positive	0.4
compelled	positive	0.2
competent	positive	0.4
competitive	positive	0.4
complacent	negative	-0.4
complain	negative	-0.4
complained	negative	-0.4
complains	negative	-0.4
comprehensive	positive	0.4
conciliate	positive	0.4
conciliated	positive	0.4
conciliates	positive	0.4
conciliating	positive	0.4
condemn	negative	-0.4
condemnation	negative	-0.4
condemned	negative	-0.4
condemns	negative	-0.4
confidence	positive	0.4
confident	positive	0.4
conflict	negative	-0.4
conflicting	negative	-0.4
conflictive	negative	-0.4
conflicts	negative	-0.4
confuse	negative	-0.4
confused	negative	-0.4
confusing	negative	-0.4
congrats	positive	0.4
congratulate	positive	0.4
congratulation	positive	0.4
congratulations	positive	0.4
consent	positive	0.4
consents	positive	0.4
consolable	positive	0.4
conspiracy	negative	-0.6
constrained	negative	-0.4
contagion	negative	-0.4
contagions	negative	-0.4
contagious	negative	-0.2
contempt	negative	-0.4
contemptuous	negative	-0.4
contemptuously	negative	-0.4
contend	negative	-0.2
contender	negative	-0.2
contending	negative	-0.2
contentious	negative	-0.4
contestable	negative	-0.4
controversial	negative	-0.4
controversially	negative	-0.4
convince	positive	0.2
convinced	positive	0.2
convinces	positive	0.2
convivial	positive	0.4
cool	positive	0.2
cool stuff	positive	0.6
cornered	negative	-0.4
corpse	negative	-0.2
costly	negative	-0.4
courage	positive	0.4
courageous	positive	0.4
courteous	positive	0.4
courtesy	positive	0.4
cover-up	negative	-0.6
coward	negative	-0.4
cowardly	negative	-0.4
coziness	positive	0.4
cramp	negative	-0.2
crap	negative	-0.6
crash	negative	-0.4
crazier	negative	-0.4
craziest	negative	-0.4
crazy	negative	-0.4
creative	positive	0.4
crestfallen	negative	-0.4
cried	negative	-0.4
cries	negative	-0.4
crime	negative	-0.6
criminal	negative	-0.6
criminals	negative	-0.6
crisis	negative	-0.6
critic	negative	-0.4
criticism	negative	-0.4
criticize	negative	-0.4
criticized	negative	-0.4
criticizes	negative	-0.4
criticizing	negative	-0.4
critics	negative	-0.4
cruel	negative	-0.6
cruelty	negative	-0.6
crush	negative	-0.2
crushed	negative	-0.4
crushes	negative	-0.2
crushing	negative	-0.2
cry	negative	-0.2
crying	negative	-0.4
cunt	negative	-1
curious	positive	0.2
curse	negative	-0.2
cut	negative	-0.2
cute	positive	0.4
cuts	negative	-0.2
cutting	negative	-0.2
cynic	negative	-0.4
cynical	negative	-0.4
cynicism	negative	-0.4
damage	negative	-0.6
damages	negative	-0.6
damn	negative	-0.8
damned	negative	-0.8
damnit	negative	-0.8
danger	negative	-0.4
daredevil	positive	0.4
daring	positive	0.4
darkest	negative	-0.4
darkness	negative	-0.2
dauntless	positive	0.4
dead	negative	-0.6
deadlock	negative	-0.4
deafening	negative	-0.2
dear	positive	0.4
dearly	positive	0.6
death	negative	-0.4
debonair	positive	0.4
debt	negative	-0.4
deceit	negative	-0.6
deceitful	negative	-0.6
deceive	negative	-0.6
deceived	negative	-0.6
deceives	negative	-0.6
deceiving	negative	-0.6
deception	negative	-0.6
decisive	positive	0.2
dedicated	positive	0.4
defeated	negative	-0.4
defect	negative	-0.6
defects	negative	-0.6
defender	positive	0.4
defenders	positive	0.4
defenseless	negative	-0.4
defer	negative	-0.2
deferring	negative	-0.2
defiant	negative	-0.2
deficit	negative	-0.4
degrade	negative	-0.4
degraded	negative	-0.4
degrades	negative	-0.4
dehumanize	negative	-0.4
dehumanized	negative	-0.4
dehumanizes	negative	-0.4
dehumanizing	negative	-0.4
deject	negative	-0.4
dejected	negative	-0.4
dejecting	negative	-0.4
dejects	negative	-0.4
delay	negative	-0.2
delayed	negative	-0.2
delight	positive	0.6
delighted	positive	0.6
delighting	positive	0.6
delights	positive	0.6
demand	negative	-0.2
demanded	negative	-0.2
demanding	negative	-0.2
demands	negative	-0.2
demonstration	negative	-0.2
demoralized	negative	-0.4
denied	negative	-0.4
denier	negative	-0.4
deniers	negative	-0.4
denies	negative	-0.4
denounce	negative	-0.4
denounces	negative	-0.4
deny	negative	-0.4
denying	negative	-0.4
depressed	negative	-0.4
depressing	negative	-0.4
derail	negative	-0.4
derailed	negative	-0.4
derails	negative	-0.4
deride	negative	-0.4
derided	negative	-0.4
derides	negative	-0.4
deriding	negative	-0.4
derision	negative	-0.4
desirable	positive	0.4
desire	positive	0.2
desired	positive	0.4
desirous	positive	0.4
despair	negative	-0.6
despairing	negative	-0.6
despairs	negative	-0.6
desperate	negative	-0.6
desperately	negative	-0.6
despondent	negative	-0.6
destroy	negative	-0.6
destroyed	negative	-0.6
destroying	negative	-0.6
destroys	negative	-0.6
destruction	negative	-0.6
destructive	negative	-0.6
detached	negative	-0.2
detain	negative	-0.4
detained	negative	-0.4
detention	negative	-0.4
determined	positive	0.4
devastate	negative	-0.4
devastated	negative	-0.4
devastating	negative	-0.4
devoted	positive	0.6
diamond	positive	0.2
dick	negative	-0.8
dickhead	negative	-0.8
die	negative	-0.6
died	negative	-0.6
difficult	negative	-0.2
diffident	negative	-0.4
dilemma	negative	-0.2
dipshit	negative	-0.6
dire	negative	-0.6
direful	negative	-0.6
dirt	negative	-0.4
dirtier	negative	-0.4
dirtiest	negative	-0.4
dirty	negative	-0.4
disabling	negative	-0.2
disadvantage	negative	-0.4
disadvantaged	negative	-0.4
disappear	negative	-0.2
disappeared	negative	-0.2
disappears	negative	-0.2
disappoint	negative	-0.4
disappointed	negative	-0.4
disappointing	negative	-0.4
disappointment	negative	-0.4
disappointments	negative	-0.4
disappoints	negative	-0.4
disaster	negative	-0.4
disasters	negative	-0.4
disastrous	negative	-0.6
disbelieve	negative	-0.4
discard	negative	-0.2
discarded	negative	-0.2
discarding	negative	-0.2
discards	negative	-0.2
disconsolate	negative	-0.4
disconsolation	negative	-0.4
discontented	negative	-0.4
discord	negative	-0.4
discounted	negative	-0.2
discouraged	negative	-0.4
discredited	negative	-0.4
disdain	negative	-0.4
disgrace	negative	-0.4
disgraced	negative	-0.4
disguise	negative	-0.2
disguised	negative	-0.2
disguises	negative	-0.2
disguising	negative	-0.2
disgust	negative	-0.6
disgusted	negative	-0.6
disgusting	negative	-0.6
disheartened	negative	-0.4
dishonest	negative	-0.4
disillusioned	negative	-0.4
disinclined	negative	-0.4
disjointed	negative	-0.4
dislike	negative	-0.4
dismal	negative	-0.4
dismayed	negative	-0.4
disorder	negative	-0.4
disorganized	negative	-0.4
disoriented	negative	-0.4
disparage	negative	-0.4
disparaged	negative	-0.4
disparages	negative	-0.4
disparaging	negative	-0.4
displeased	negative	-0.4
dispute	negative	-0.4
disputed	negative	-0.4
disputes	negative	-0.4
disputing	negative	-0.4
disqualified	negative	-0.4
disquiet	negative	-0.4
disregard	negative	-0.4
disregarded	negative	-0.4
disregarding	negative	-0.4
disregards	negative	-0.4
disrespect	negative	-0.4
disrespected	negative	-0.4
disruption	negative	-0.4
disruptions	negative	-0.4
disruptive	negative	-0.4
dissatisfied	negative	-0.4
distort	negative	-0.4
distorted	negative	-0.4
distorting	negative	-0.4
distorts	negative	-0.4
distract	negative	-0.4
distracted	negative	-0.4
distraction	negative	-0.4
distracts	negative	-0.4
distress	negative	-0.4
distressed	negative	-0.4
distresses	negative	-0.4
distressing	negative	-0.4
distrust	negative	-0.6
distrustful	negative	-0.6
disturb	negative	-0.4
disturbed	negative	-0.4
disturbing	negative	-0.4
disturbs	negative	-0.4
dithering	negative	-0.4
dizzy	negative	-0.2
dodging	negative	-0.4
dodgy	negative	-0.4
does not work	negative	-0.6
dolorous	negative	-0.4
dont like	negative	-0.4
doom	negative	-0.4
doomed	negative	-0.4
doubt	negative	-0.2
doubted	negative	-0.2
doubtful	negative	-0.2
doubting	negative	-0.2
doubts	negative	-0.2
douche	negative	-0.6
douchebag	negative	-0.6
downcast	negative	-0.4
downhearted	negative	-0.4
downside	negative	-0.4
drag	negative	-0.2
dragged	negative	-0.2
drags	negative	-0.2
drained	negative	-0.4
dread	negative	-0.4
dreaded	negative	-0.4
dreadful	negative	-0.6
dreading	negative	-0.4
dream	positive	0.2
dreams	positive	0.2
dreary	negative	-0.4
droopy	negative	-0.4
drop	negative	-0.2
drown	negative	-0.4
drowned	negative	-0.4
drowns	negative	-0.4
drunk	negative	-0.4
dubious	negative	-0.4
dud	negative	-0.4
dull	negative	-0.4
dumb	negative	-0.6
dumbass	negative	-0.6
dump	negative	-0.2
dumped	negative	-0.4
dumps	negative	-0.2
dupe	negative	-0.4
duped	negative	-0.4
dysfunction	negative	-0.4
eager	positive	0.4
earnest	positive	0.4
ease	positive	0.4
easy	positive	0.2
ecstatic	positive	0.8
eerie	negative	-0.4
eery	negative	-0.4
effective	positive	0.4
effectively	positive	0.4
elated	positive	0.6
elation	positive	0.6
elegant	positive	0.4
elegantly	positive	0.4
embarrass	negative	-0.4
embarrassed	negative	-0.4
embarrasses	negative	-0.4
embarrassing	negative	-0.4
embarrassment	negative	-0.4
embittered	negative	-0.4
embrace	positive	0.2
emergency	negative	-0.4
empathetic	positive	0.4
emptiness	negative	-0.2
empty	negative	-0.2
enchanted	positive	0.4
encourage	positive	0.4
encouraged	positive	0.4
encouragement	positive	0.4
encourages	positive	0.4
endorse	positive	0.4
endorsed	positive	0.4
endorsement	positive	0.4
endorses	positive	0.4
enemies	negative	-0.4
enemy	negative	-0.4
energetic	positive	0.4
engage	positive	0.2
engages	positive	0.2
engrossed	positive	0.2
enjoy	positive	0.4
enjoying	positive	0.4
enjoys	positive	0.4
enlighten	positive	0.4
enlightened	positive	0.4
enlightening	positive	0.4
enlightens	positive	0.4
ennui	negative	-0.4
enrage	negative	-0.4
enraged	negative	-0.4
enrages	negative	-0.4
enraging	negative	-0.4
enrapture	positive	0.6
enslave	negative	-0.4
enslaved	negative	-0.4
enslaves	negative	-0.4
ensure	positive	0.2
ensuring	positive	0.2
enterprising	positive	0.2
entertaining	positive	0.4
enthral	positive	0.6
enthusiastic	positive	0.6
entitled	positive	0.2
entrusted	positive	0.4
envies	negative	-0.2
envious	negative	-0.4
envy	negative	-0.2
envying	negative	-0.2
erroneous	negative	-0.4
error	negative	-0.4
errors	negative	-0.4
escape	negative	-0.2
escapes	negative	-0.2
escaping	negative	-0.2
esteemed	positive	0.4
ethical	positive	0.4
euphoria	positive	0.6
euphoric	positive	0.8
eviction	negative	-0.2
evil	negative	-0.6
exaggerate	negative	-0.4
exaggerated	negative	-0.4
exaggerates	negative	-0.4
exaggerating	negative	-0.4
exasperated	positive	0.4
excellence	positive	0.6
excellent	positive	0.6
excite	positive	0.6
excited	positive	0.6
excitement	positive	0.6
exciting	positive	0.6
exclude	negative	-0.2
excluded	negative	-0.4
exclusion	negative	-0.2
exclusive	positive	0.4
excuse	negative	-0.2
exempt	negative	-0.2
exhausted	negative	-0.4
exhilarated	positive	0.6
exhilarates	positive	0.6
exhilarating	positive	0.6
exonerate	positive	0.4
exonerated	positive	0.4
exonerates	positive	0.4
exonerating	positive	0.4
expand	positive	0.2
expands	positive	0.2
expel	negative	-0.4
expelled	negative	-0.4
expelling	negative	-0.4
expels	negative	-0.4
exploit	negative	-0.4
exploited	negative	-0.4
exploiting	negative	-0.4
exploits	negative	-0.4
exploration	positive	0.2
explorations	positive	0.2
expose	negative	-0.2
exposed	negative	-0.2
exposes	negative	-0.2
exposing	negative	-0.2
extend	positive	0.2
extends	positive	0.2
exuberant	positive	0.8
exultant	positive	0.6
exultantly	positive	0.6
fabulous	positive	0.8
fad	negative	-0.4
fag	negative	-0.6
faggot	negative	-0.6
faggots	negative	-0.6
fail	negative	-0.4
failed	negative	-0.4
failing	negative	-0.4
fails	negative	-0.4
failure	negative	-0.4
failures	negative	-0.4
fainthearted	negative	-0.4
fair	positive	0.4
faith	positive	0.2
faithful	positive	0.6
fake	negative	-0.6
fakes	negative	-0.6
faking	negative	-0.6
fallen	negative	-0.4
falling	negative	-0.2
falsified	negative	-0.6
falsify	negative	-0.6
fame	positive	0.2
fan	positive	0.6
fantastic	positive	0.8
farce	negative	-0.2
fascinate	positive	0.6
fascinated	positive	0.6
fascinates	positive	0.6
fascinating	positive	0.6
fascist	negative	-0.4
fascists	negative	-0.4
fatalities	negative	-0.6
fatality	negative	-0.6
fatigue	negative	-0.4
fatigued	negative	-0.4
fatigues	negative	-0.4
fatiguing	negative	-0.4
favor	positive	0.4
favored	positive	0.4
favorite	positive	0.4
favorited	positive	0.4
favorites	positive	0.4
favors	positive	0.4
fear	negative	-0.4
fearful	negative	-0.4
fearing	negative	-0.4
fearless	positive	0.4
fearsome	negative	-0.4
fed up	negative	-0.6
feeble	negative	-0.4
feeling	positive	0.2
felonies	negative	-0.6
felony	negative	-0.6
fervent	positive	0.4
fervid	positive	0.4
festive	positive	0.4
fiasco	negative	-0.6
fidgety	negative	-0.4
fight	negative	-0.2
fine	positive	0.4
fire	negative	-0.4
fired	negative	-0.4
firing	negative	-0.4
fit	positive	0.2
fitness	positive	0.2
flagship	positive	0.4
flees	negative	-0.2
flop	negative	-0.4
flops	negative	-0.4
flu	negative	-0.4
flustered	negative	-0.4
focused	positive	0.4
fond	positive	0.4
fondness	positive	0.4
fool	negative	-0.4
foolish	negative	-0.4
fools	negative	-0.4
forced	negative	-0.2
foreclosure	negative	-0.4
foreclosures	negative	-0.4
forget	negative	-0.2
forgetful	negative	-0.4
forgive	positive	0.2
forgiving	positive	0.2
forgotten	negative	-0.2
fortunate	positive	0.4
frantic	negative	-0.2
fraud	negative	-0.8
frauds	negative	-0.8
fraudster	negative	-0.8
fraudsters	negative	-0.8
fraudulence	negative	-0.8
fraudulent	negative	-0.8
free	positive	0.2
freedom	positive	0.4
frenzy	negative	-0.6
fresh	positive	0.2
friendly	positive	0.4
fright	negative	-0.4
frightened	negative	-0.4
frightening	negative	-0.6
frikin	negative	-0.4
frisky	positive	0.4
frowning	negative	-0.2
frustrate	negative	-0.4
frustrated	negative	-0.4
frustrates	negative	-0.4
frustrating	negative	-0.4
frustration	negative	-0.4
ftw	positive	0.6
fuck	negative	-0.8
fucked	negative	-0.8
fucker	negative	-0.8
fuckers	negative	-0.8
fuckface	negative	-0.8
fuckhead	negative	-0.8
fucking	negative	-0.8
fucktard	negative	-0.8
fud	negative	-0.6
fuked	negative	-0.8
fuking	negative	-0.8
fulfill	positive	0.4
fulfilled	positive	0.4
fulfills	positive	0.4
fuming	negative	-0.4
fun	positive	0.8
funeral	negative	-0.2
funerals	negative	-0.2
funky	positive	0.4
funnier	positive	0.8
funny	positive	0.8
furious	negative	-0.6
futile	positive	0.4
gag	negative	-0.4
gagged	negative	-0.4
gain	positive	0.4
gained	positive	0.4
gaining	positive	0.4
gains	positive	0.4
gallant	positive	0.6
gallantly	positive	0.6
gallantry	positive	0.6
generous	positive	0.4
genial	positive	0.6
ghost	negative	-0.2
giddy	negative	-0.4
gift	positive	0.4
glad	positive	0.6
glamorous	positive	0.6
glamourous	positive	0.6
glee	positive	0.6
gleeful	positive	0.6
gloom	negative	-0.2
gloomy	negative	-0.4
glorious	positive	0.4
glory	positive	0.4
glum	negative	-0.4
god	positive	0.2
goddamn	negative	-0.6
godsend	positive	0.8
good	positive	0.6
goodness	positive	0.6
grace	positive	0.2
gracious	positive	0.6
grand	positive	0.6
grant	positive	0.2
granted	positive	0.2
granting	positive	0.2
grants	positive	0.2
grateful	positive	0.6
gratification	positive	0.4
grave	negative	-0.4
gray	negative	-0.2
great	positive	0.6
greater	positive	0.6
greatest	positive	0.6
greed	negative	-0.6
greedy	negative	-0.4
green wash	negative	-0.6
green washing	negative	-0.6
greenwash	negative	-0.6
greenwasher	negative	-0.6
greenwashers	negative	-0.6
greenwashing	negative	-0.6
greet	positive	0.2
greeted	positive	0.2
greeting	positive	0.2
greetings	positive	0.4
greets	positive	0.2
grey	negative	-0.2
grief	negative	-0.4
grieved	negative	-0.4
gross	negative	-0.4
growing	positive	0.2
growth	positive	0.4
guarantee	positive	0.2
guilt	negative	-0.6
guilty	negative	-0.6
gullibility	negative	-0.4
gullible	negative	-0.4
gun	negative	-0.2
ha	positive	0.4
hacked	negative	-0.2
haha	positive	0.6
hahaha	positive	0.6
hahahah	positive	0.6
hail	positive	0.4
hailed	positive	0.4
hapless	negative	-0.4
haplessness	negative	-0.4
happiness	positive	0.6
happy	positive	0.6
hard	negative	-0.2
hardier	positive	0.4
hardship	negative	-0.4
hardy	positive	0.4
harm	negative	-0.4
harmed	negative	-0.4
harmful	negative	-0.4
harming	negative	-0.4
harms	negative	-0.4
harried	negative	-0.4
harsh	negative	-0.4
harsher	negative	-0.4
harshest	negative	-0.4
hate	negative	-0.6
hated	negative	-0.6
haters	negative	-0.6
hates	negative	-0.6
hating	negative	-0.6
haunt	negative	-0.2
haunted	negative	-0.4
haunting	positive	0.2
haunts	negative	-0.2
havoc	negative	-0.4
healthy	positive	0.4
heartbreaking	negative	-0.6
heartbroken	negative	-0.6
heartfelt	positive	0.6
heaven	positive	0.4
heavenly	positive	0.8
heavyhearted	negative	-0.4
hell	negative	-0.8
help	positive	0.4
helpful	positive	0.4
helping	positive	0.4
helpless	negative	-0.4
helps	positive	0.4
hero	positive	0.4
heroes	positive	0.4
heroic	positive	0.6
hesitant	negative	-0.4
hesitate	negative	-0.4
hid	negative	-0.2
hide	negative	-0.2
hides	negative	-0.2
hiding	negative	-0.2
highlight	positive	0.4
hilarious	positive	0.4
hindrance	negative	-0.4
hoax	negative	-0.4
homesick	negative	-0.4
honest	positive	0.4
honor	positive	0.4
honored	positive	0.4
honoring	positive	0.4
honour	positive	0.4
honoured	positive	0.4
honouring	positive	0.4
hooligan	negative	-0.4
hooliganism	negative	-0.4
hooligans	negative	-0.4
hope	positive	0.4
hopeful	positive	0.4
hopefully	positive	0.4
hopeless	negative	-0.4
hopelessness	negative	-0.4
hopes	positive	0.4
hoping	positive	0.4
horrendous	negative	-0.6
horrible	negative	-0.6
horrific	negative	-0.6
horrified	negative	-0.6
hostile	negative	-0.4
huckster	negative	-0.4
hug	positive	0.4
huge	positive	0.2
hugs	positive	0.4
humerous	positive	0.6
humiliated	negative	-0.6
humiliation	negative	-0.6
humor	positive	0.4
humorous	positive	0.4
humour	positive	0.4
humourous	positive	0.4
hunger	negative	-0.4
hurrah	positive	1
hurt	negative	-0.4
hurting	negative	-0.4
hurts	negative	-0.4
hypocritical	negative	-0.4
hysteria	negative	-0.6
hysterical	negative	-0.6
hysterics	negative	-0.6
idiot	negative	-0.6
idiotic	negative	-0.6
ignorance	negative	-0.4
ignorant	negative	-0.4
ignore	negative	-0.2
ignored	negative	-0.4
ignores	negative	-0.2
ill	negative	-0.4
illegal	negative	-0.6
illiteracy	negative	-0.4
illness	negative	-0.4
illnesses	negative	-0.4
imbecile	negative	-0.6
immobilized	negative	-0.2
immortal	positive	0.4
immune	positive	0.2
impatient	negative	-0.4
imperfect	negative	-0.4
importance	positive	0.4
important	positive	0.4
impose	negative	-0.2
imposed	negative	-0.2
imposes	negative	-0.2
imposing	negative	-0.2
impotent	negative	-0.4
impress	positive	0.6
impressed	positive	0.6
impresses	positive	0.6
impressive	positive	0.6
imprisoned	negative	-0.4
improve	positive	0.4
improved	positive	0.4
improvement	positive	0.4
improves	positive	0.4
improving	positive	0.4
inability	negative	-0.4
inaction	negative	-0.4
inadequate	negative	-0.4
incapable	negative	-0.4
incapacitated	negative	-0.4
incensed	negative	-0.4
incompetence	negative	-0.4
incompetent	negative	-0.4
inconsiderate	negative	-0.4
inconvenience	negative	-0.4
inconvenient	negative	-0.4
increase	positive	0.2
increased	positive	0.2
indecisive	negative	-0.4
indestructible	positive	0.4
indifference	negative	-0.4
indifferent	negative	-0.4
indignant	negative	-0.4
indignation	negative	-0.4
indoctrinate	negative	-0.4
indoctrinated	negative	-0.4
indoctrinates	negative	-0.4
indoctrinating	negative	-0.4
ineffective	negative	-0.4
ineffectively	negative	-0.4
infatuated	positive	0.4
infatuation	positive	0.4
infected	negative	-0.4
inferior	negative	-0.4
inflamed	negative	-0.4
influential	positive	0.4
infringement	negative	-0.4
infuriate	negative	-0.4
infuriated	negative	-0.4
infuriates	negative	-0.4
infuriating	negative	-0.4
inhibit	negative	-0.2
injured	negative	-0.4
injury	negative	-0.4
injustice	negative	-0.4
innovate	positive	0.2
innovates	positive	0.2
innovation	positive	0.2
innovative	positive	0.4
inquisition	negative	-0.4
inquisitive	positive	0.4
insane	negative	-0.4
insanity	negative	-0.4
insecure	negative	-0.4
insensitive	negative	-0.4
insensitivity	negative	-0.4
insignificant	negative	-0.4
insipid	negative	-0.4
inspiration	positive	0.4
inspirational	positive	0.4
inspire	positive	0.4
inspired	positive	0.4
inspires	positive	0.4
inspiring	positive	0.6
insult	negative	-0.4
insulted	negative	-0.4
insulting	negative	-0.4
insults	negative	-0.4
intact	positive	0.4
integrity	positive	0.4
intelligent	positive	0.4
intense	positive	0.2
interest	positive	0.2
interested	positive	0.4
interesting	positive	0.4
interests	positive	0.2
interrogated	negative	-0.4
interrupt	negative	-0.4
interrupted	negative	-0.4
interrupting	negative	-0.4
interruption	negative	-0.4
interrupts	negative	-0.4
intimidate	negative	-0.4
intimidated	negative	-0.4
intimidates	negative	-0.4
intimidating	negative	-0.4
intimidation	negative	-0.4
intricate	positive	0.4
intrigues	positive	0.2
invincible	positive	0.4
invite	positive	0.2
inviting	positive	0.2
invulnerable	positive	0.4
irate	negative	-0.6
ironic	negative	-0.2
irony	negative	-0.2
irrational	negative	-0.2
irresistible	positive	0.4
irresolute	negative	-0.4
irresponsible	positive	0.4
irreversible	negative	-0.2
irritate	negative	-0.6
irritated	negative	-0.6
irritating	negative	-0.6
isolated	negative	-0.2
itchy	negative	-0.4
jackass	negative	-0.8
jackasses	negative	-0.8
jailed	negative	-0.4
jaunty	positive	0.4
jealous	negative	-0.4
jeopardy	negative	-0.4
jerk	negative	-0.6
jesus	positive	0.2
jewel	positive	0.2
jewels	positive	0.2
jocular	positive	0.4
join	positive	0.2
joke	positive	0.4
jokes	positive	0.4
jolly	positive	0.4
jovial	positive	0.4
joy	positive	0.6
joyful	positive	0.6
joyfully	positive	0.6
joyless	negative	-0.4
joyous	positive	0.6
jubilant	positive	0.6
jumpy	negative	-0.2
justice	positive	0.4
justifiably	positive	0.4
justified	positive	0.4
keen	positive	0.2
kill	negative	-0.6
killed	negative	-0.6
killing	negative	-0.6
kills	negative	-0.6
kind	positive	0.4
kinder	positive	0.4
kiss	positive	0.4
kudos	positive	0.6
lack	negative	-0.4
lackadaisical	negative	-0.4
lag	negative	-0.2
lagged	negative	-0.4
lagging	negative	-0.4
lags	negative	-0.4
lame	negative	-0.4
landmark	positive	0.4
laugh	positive	0.2
laughed	positive	0.2
laughing	positive	0.2
laughs	positive	0.2
laughting	positive	0.2
launched	positive	0.2
lawl	positive	0.6
lawsuit	negative	-0.4
lawsuits	negative	-0.4
lazy	negative	-0.2
leak	negative	-0.2
leaked	negative	-0.2
leave	negative	-0.2
legal	positive	0.2
legally	positive	0.2
lenient	positive	0.2
lethargic	negative	-0.4
lethargy	negative	-0.4
liar	negative	-0.6
liars	negative	-0.6
libelous	negative	-0.4
lied	negative	-0.4
lifesaver	positive	0.8
lighthearted	positive	0.2
like	positive	0.4
liked	positive	0.4
likes	positive	0.4
limitation	negative	-0.2
limited	negative	-0.2
limits	negative	-0.2
litigation	negative	-0.2
litigious	negative	-0.4
lively	positive	0.4
livid	negative	-0.4
lmao	positive	0.8
lmfao	positive	0.8
loathe	negative	-0.6
loathed	negative	-0.6
loathes	negative	-0.6
loathing	negative	-0.6
lobby	negative	-0.4
lobbying	negative	-0.4
lol	positive	0.6
lonely	negative	-0.4
lonesome	negative	-0.4
longing	negative	-0.2
loom	negative	-0.2
loomed	negative	-0.2
looming	negative	-0.2
looms	negative	-0.2
loose	negative	-0.6
looses	negative	-0.6
loser	negative	-0.6
losing	negative	-0.6
loss	negative	-0.6
lost	negative	-0.6
lovable	positive	0.6
love	positive	0.6
loved	positive	0.6
lovelies	positive	0.6
lovely	positive	0.6
loving	positive	0.4
lowest	negative	-0.2
loyal	positive	0.6
loyalty	positive	0.6
luck	positive	0.6
luckily	positive	0.6
lucky	positive	0.6
lugubrious	negative	-0.4
lunatic	negative	-0.6
lunatics	negative	-0.6
lurk	negative	-0.2
lurking	negative	-0.2
lurks	negative	-0.2
mad	negative	-0.6
maddening	negative	-0.6
made-up	negative	-0.2
madly	negative	-0.6
madness	negative	-0.6
mandatory	negative	-0.2
manipulated	negative	-0.2
manipulating	negative	-0.2
manipulation	negative	-0.2
marvel	positive	0.6
marvelous	positive	0.6
marvels	positive	0.6
masterpiece	positive	0.8
masterpieces	positive	0.8
matter	positive	0.2
matters	positive	0.2
mature	positive	0.4
meaningful	positive	0.4
meaningless	negative	-0.4
medal	positive	0.6
mediocrity	negative	-0.6
meditative	positive	0.2
melancholy	negative	-0.4
menace	negative	-0.4
menaced	negative	-0.4
mercy	positive	0.4
merry	positive	0.6
mess	negative	-0.4
messed	negative	-0.4
messing up	negative	-0.4
methodical	positive	0.4
mindless	negative	-0.4
miracle	positive	0.8
mirth	positive	0.6
mirthful	positive	0.6
mirthfully	positive	0.6
misbehave	negative	-0.4
misbehaved	negative	-0.4
misbehaves	negative	-0.4
misbehaving	negative	-0.4
mischief	negative	-0.2
mischiefs	negative	-0.2
miserable	negative	-0.6
misery	negative	-0.4
misgiving	negative	-0.4
misinformation	negative	-0.4
misinformed	negative	-0.4
misinterpreted	negative	-0.4
misleading	negative	-0.6
misread	negative	-0.2
misreporting	negative	-0.4
misrepresentation	negative	-0.4
miss	negative	-0.4
missed	negative	-0.4
missing	negative	-0.4
mistake	negative	-0.4
mistaken	negative	-0.4
mistakes	negative	-0.4
mistaking	negative	-0.4
misunderstand	negative	-0.4
misunderstanding	negative	-0.4
misunderstands	negative	-0.4
misunderstood	negative	-0.4
moan	negative	-0.4
moaned	negative	-0.4
moaning	negative	-0.4
moans	negative	-0.4
mock	negative	-0.4
mocked	negative	-0.4
mocking	negative	-0.4
mocks	negative	-0.4
mongering	negative	-0.4
monopolize	negative	-0.4
monopolized	negative	-0.4
monopolizes	negative	-0.4
monopolizing	negative	-0.4
moody	negative	-0.2
mope	negative	-0.2
moping	negative	-0.2
moron	negative	-0.6
motherfucker	negative	-1
motherfucking	negative	-1
motivate	positive	0.2
motivated	positive	0.4
motivating	positive	0.4
motivation	positive	0.2
mourn	negative	-0.4
mourned	negative	-0.4
mournful	negative	-0.4
mourning	negative	-0.4
mourns	negative	-0.4
mumpish	negative	-0.4
murder	negative	-0.4
murderer	negative	-0.4
murdering	negative	-0.6
murderous	negative	-0.6
murders	negative	-0.4
myth	negative	-0.2
n00b	negative	-0.4
naive	negative	-0.4
nasty	negative	-0.6
natural	positive	0.2
na√Øve	negative	-0.4
needy	negative	-0.4
negative	negative	-0.4
negativity	negative	-0.4
neglect	negative	-0.4
neglected	negative	-0.4
neglecting	negative	-0.4
neglects	negative	-0.4
nerves	negative	-0.2
nervous	negative	-0.4
nervously	negative	-0.4
nice	positive	0.6
nifty	positive	0.4
niggas	negative	-1
nigger	negative	-1
no	negative	-0.2
no fun	negative	-0.6
noble	positive	0.4
noisy	negative	-0.2
nonsense	negative	-0.4
noob	negative	-0.4
nosey	negative	-0.4
not good	negative	-0.4
not working	negative	-0.6
notorious	negative	-0.4
novel	positive	0.4
numb	negative	-0.2
nuts	negative	-0.6
obliterate	negative	-0.4
obliterated	negative	-0.4
obnoxious	negative	-0.6
obscene	negative	-0.4
obsessed	positive	0.4
obsolete	negative	-0.4
obstacle	negative	-0.4
obstacles	negative	-0.4
obstinate	negative	-0.4
odd	negative	-0.4
offend	negative	-0.4
offended	negative	-0.4
offender	negative	-0.4
offending	negative	-0.4
offends	negative	-0.4
offline	negative	-0.2
oks	positive	0.4
ominous	positive	0.6
once-in-a-lifetime	positive	0.6
opportunities	positive	0.4
opportunity	positive	0.4
oppressed	negative	-0.4
oppressive	negative	-0.4
optimism	positive	0.4
optimistic	positive	0.4
optionless	negative	-0.4
outcry	negative	-0.4
outmaneuvered	negative	-0.4
outrage	negative	-0.6
outraged	negative	-0.6
outreach	positive	0.4
outstanding	positive	1
overjoyed	positive	0.8
overload	negative	-0.2
overlooked	negative	-0.2
overreact	negative	-0.4
overreacted	negative	-0.4
overreaction	negative	-0.4
overreacts	negative	-0.4
oversell	negative	-0.4
overselling	negative	-0.4
oversells	negative	-0.4
oversimplification	negative	-0.4
oversimplified	negative	-0.4
oversimplifies	negative	-0.4
oversimplify	negative	-0.4
overstatement	negative	-0.4
overstatements	negative	-0.4
overweight	negative	-0.2
oxymoron	negative	-0.2
pain	negative	-0.4
pained	negative	-0.4
panic	negative	-0.6
panicked	negative	-0.6
panics	negative	-0.6
paradise	positive	0.6
paradox	negative	-0.2
pardon	positive	0.4
pardoned	positive	0.4
pardoning	positive	0.4
pardons	positive	0.4
parley	negative	-0.2
passionate	positive	0.4
passive	negative	-0.2
passively	negative	-0.2
pathetic	negative	-0.4
pay	negative	-0.2
peace	positive	0.4
peaceful	positive	0.4
peacefully	positive	0.4
penalty	negative	-0.4
pensive	negative	-0.2
perfect	positive	0.6
perfected	positive	0.4
perfectly	positive	0.6
perfects	positive	0.4
peril	negative	-0.4
perjury	negative	-0.6
perpetrator	negative	-0.4
perpetrators	negative	-0.4
perplexed	negative	-0.4
persecute	negative	-0.4
persecuted	negative	-0.4
persecutes	negative	-0.4
persecuting	negative	-0.4
perturbed	negative	-0.4
pesky	negative	-0.4
pessimism	negative	-0.4
pessimistic	negative	-0.4
petrified	negative	-0.4
phobic	negative	-0.4
picturesque	positive	0.4
pileup	negative	-0.2
pique	negative	-0.4
piqued	negative	-0.4
piss	negative	-0.8
pissed	negative	-0.8
pissing	negative	-0.6
piteous	negative	-0.4
pitied	negative	-0.2
pity	negative	-0.4
playful	positive	0.4
pleasant	positive	0.6
please	positive	0.2
pleased	positive	0.6
pleasure	positive	0.6
poised	negative	-0.4
poison	negative	-0.4
poisoned	negative	-0.4
poisons	negative	-0.4
pollute	negative	-0.4
polluted	negative	-0.4
polluter	negative	-0.4
polluters	negative	-0.4
pollutes	negative	-0.4
poor	negative	-0.4
poorer	negative	-0.4
poorest	negative	-0.4
popular	positive	0.6
positive	positive	0.4
positively	positive	0.4
possessive	negative	-0.4
postpone	negative	-0.2
postponed	negative	-0.2
postpones	negative	-0.2
postponing	negative	-0.2
poverty	negative	-0.2
powerful	positive	0.4
powerless	negative	-0.4
praise	positive	0.6
praised	positive	0.6
praises	positive	0.6
praising	positive	0.6
pray	positive	0.2
praying	positive	0.2
prays	positive	0.2
prblm	negative	-0.4
prblms	negative	-0.4
prepared	positive	0.2
pressure	negative	-0.2
pressured	negative	-0.4
pretend	negative	-0.2
pretending	negative	-0.2
pretends	negative	-0.2
pretty	positive	0.2
prevent	negative	-0.2
prevented	negative	-0.2
preventing	negative	-0.2
prevents	negative	-0.2
prick	negative	-1
prison	negative	-0.4
prisoner	negative	-0.4
prisoners	negative	-0.4
privileged	positive	0.4
proactive	positive	0.4
problem	negative	-0.4
problems	negative	-0.4
profiteer	negative	-0.4
progress	positive	0.4
prominent	positive	0.4
promise	positive	0.2
promised	positive	0.2
promises	positive	0.2
promote	positive	0.2
promoted	positive	0.2
promotes	positive	0.2
promoting	positive	0.2
propaganda	negative	-0.4
prosecute	negative	-0.2
prosecuted	negative	-0.4
prosecutes	negative	-0.2
prosecution	negative	-0.2
prospect	positive	0.2
prospects	positive	0.2
prosperous	positive	0.6
protect	positive	0.2
protected	positive	0.2
protects	positive	0.2
protest	negative	-0.4
protesters	negative	-0.4
protesting	negative	-0.4
protests	negative	-0.4
proud	positive	0.4
proudly	positive	0.4
provoke	negative	-0.2
provoked	negative	-0.2
provokes	negative	-0.2
provoking	negative	-0.2
pseudoscience	negative	-0.6
punish	negative	-0.4
punished	negative	-0.4
punishes	negative	-0.4
punitive	negative	-0.4
pushy	negative	-0.2
puzzled	negative	-0.4
quaking	negative	-0.4
questionable	negative	-0.4
questioned	negative	-0.2
questioning	negative	-0.2
racism	negative	-0.6
racist	negative	-0.6
racists	negative	-0.6
rage	negative	-0.4
rageful	negative	-0.4
rainy	negative	-0.2
rant	negative	-0.6
ranter	negative	-0.6
ranters	negative	-0.6
rants	negative	-0.6
rape	negative	-0.8
rapist	negative	-0.8
rapture	positive	0.4
raptured	positive	0.4
raptures	positive	0.4
rapturous	positive	0.8
rash	negative	-0.4
ratified	positive	0.4
reach	positive	0.2
reached	positive	0.2
reaches	positive	0.2
reaching	positive	0.2
reassure	positive	0.2
reassured	positive	0.2
reassures	positive	0.2
reassuring	positive	0.4
rebellion	negative	-0.4
recession	negative	-0.4
reckless	negative	-0.4
recommend	positive	0.4
recommended	positive	0.4
recommends	positive	0.4
redeemed	positive	0.4
refuse	negative	-0.4
refused	negative	-0.4
refusing	negative	-0.4
regret	negative	-0.4
regretful	negative	-0.4
regrets	negative	-0.4
regretted	negative	-0.4
regretting	negative	-0.4
reject	negative	-0.2
rejected	negative	-0.2
rejecting	negative	-0.2
rejects	negative	-0.2
rejoice	positive	0.8
rejoiced	positive	0.8
rejoices	positive	0.8
rejoicing	positive	0.8
relaxed	positive	0.4
relentless	negative	-0.2
reliant	positive	0.4
relieve	positive	0.2
relieved	positive	0.4
relieves	positive	0.2
relieving	positive	0.4
relishing	positive	0.4
remarkable	positive	0.4
remorse	negative	-0.4
repulse	negative	-0.2
repulsed	negative	-0.4
rescue	positive	0.4
rescued	positive	0.4
rescues	positive	0.4
resentful	negative	-0.4
resign	negative	-0.2
resigned	negative	-0.2
resigning	negative	-0.2
resigns	negative	-0.2
resolute	positive	0.4
resolve	positive	0.4
resolved	positive	0.4
resolves	positive	0.4
resolving	positive	0.4
respected	positive	0.4
responsible	positive	0.4
responsive	positive	0.4
restful	positive	0.4
restless	negative	-0.4
restore	positive	0.2
restored	positive	0.2
restores	positive	0.2
restoring	positive	0.2
restrict	negative	-0.4
restricted	negative	-0.4
restricting	negative	-0.4
restriction	negative	-0.4
restricts	negative	-0.4
retained	negative	-0.2
retard	negative	-0.4
retarded	negative	-0.4
retreat	negative	-0.2
revenge	negative	-0.4
revengeful	negative	-0.4
revered	positive	0.4
revive	positive	0.4
revives	positive	0.4
reward	positive	0.4
rewarded	positive	0.4
rewarding	positive	0.4
rewards	positive	0.4
rich	positive	0.4
ridiculous	negative	-0.6
rig	negative	-0.2
rigged	negative	-0.2
right direction	positive	0.6
rigorous	positive	0.6
rigorously	positive	0.6
riot	negative	-0.4
riots	negative	-0.4
risk	negative	-0.4
risks	negative	-0.4
rob	negative	-0.4
robber	negative	-0.4
robed	negative	-0.4
robing	negative	-0.4
robs	negative	-0.4
robust	positive	0.4
rofl	positive	0.8
roflcopter	positive	0.8
roflmao	positive	0.8
romance	positive	0.4
rotfl	positive	0.8
rotflmfao	positive	0.8
rotflol	positive	0.8
ruin	negative	-0.4
ruined	negative	-0.4
ruining	negative	-0.4
ruins	negative	-0.4
sabotage	negative	-0.4
sad	negative	-0.4
sadden	negative	-0.4
saddened	negative	-0.4
sadly	negative	-0.4
safe	positive	0.2
safely	positive	0.2
safety	positive	0.2
salient	positive	0.2
sappy	negative	-0.2
sarcastic	negative	-0.4
satisfied	positive	0.4
save	positive	0.4
saved	positive	0.4
scam	negative	-0.4
scams	negative	-0.4
scandal	negative	-0.6
scandalous	negative	-0.6
scandals	negative	-0.6
scapegoat	negative	-0.4
scapegoats	negative	-0.4
scare	negative	-0.4
scared	negative	-0.4
scary	negative	-0.4
sceptical	negative	-0.4
scold	negative	-0.4
scoop	positive	0.6
scorn	negative	-0.4
scornful	negative	-0.4
scream	negative	-0.4
screamed	negative	-0.4
screaming	negative	-0.4
screams	negative	-0.4
screwed	negative	-0.4
screwed up	negative	-0.6
scumbag	negative	-0.8
secure	positive	0.4
secured	positive	0.4
secures	positive	0.4
sedition	negative	-0.4
seditious	negative	-0.4
seduced	negative	-0.2
self-confident	positive	0.4
self-deluded	negative	-0.4
selfish	negative	-0.6
selfishness	negative	-0.6
sentence	negative	-0.4
sentenced	negative	-0.4
sentences	negative	-0.4
sentencing	negative	-0.4
serene	positive	0.4
severe	negative	-0.4
sexy	positive	0.6
shaky	negative	-0.4
shame	negative	-0.4
shamed	negative	-0.4
shameful	negative	-0.4
share	positive	0.2
shared	positive	0.2
shares	positive	0.2
shattered	negative	-0.4
shit	negative	-0.8
shithead	negative	-0.8
shitty	negative	-0.6
shock	negative	-0.4
shocked	negative	-0.4
shocking	negative	-0.4
shocks	negative	-0.4
shoot	negative	-0.2
short-sighted	negative	-0.4
short-sightedness	negative	-0.4
shortage	negative	-0.4
shortages	negative	-0.4
shrew	negative	-0.8
shy	negative	-0.2
sick	negative	-0.4
sigh	negative	-0.4
significance	positive	0.2
significant	positive	0.2
silencing	negative	-0.2
silly	negative	-0.2
sincere	positive	0.4
sincerely	positive	0.4
sincerest	positive	0.4
sincerity	positive	0.4
sinful	negative	-0.6
singleminded	negative	-0.4
skeptic	negative	-0.4
skeptical	negative	-0.4
skepticism	negative	-0.4
skeptics	negative	-0.4
slam	negative	-0.4
slash	negative	-0.4
slashed	negative	-0.4
slashes	negative	-0.4
slashing	negative	-0.4
slavery	negative	-0.6
sleeplessness	negative	-0.4
slick	positive	0.4
slicker	positive	0.4
slickest	positive	0.4
sluggish	negative	-0.4
slut	negative	-1
smart	positive	0.2
smarter	positive	0.4
smartest	positive	0.4
smear	negative	-0.4
smile	positive	0.4
smiled	positive	0.4
smiles	positive	0.4
smiling	positive	0.4
smog	negative	-0.4
sneaky	negative	-0.2
snub	negative	-0.4
snubbed	negative	-0.4
snubbing	negative	-0.4
snubs	negative	-0.4
sobering	positive	0.2
solemn	negative	-0.2
solid	positive	0.4
solidarity	positive	0.4
solution	positive	0.2
solutions	positive	0.2
solve	positive	0.2
solved	positive	0.2
solves	positive	0.2
solving	positive	0.2
somber	negative	-0.4
some kind	positive	0
son-of-a-bitch	negative	-1
soothe	positive	0.6
soothed	positive	0.6
soothing	positive	0.6
sophisticated	positive	0.4
sore	negative	-0.2
sorrow	negative	-0.4
sorrowful	negative	-0.4
sorry	negative	-0.2
spam	negative	-0.4
spammer	negative	-0.6
spammers	negative	-0.6
spamming	negative	-0.4
spark	positive	0.2
sparkle	positive	0.6
sparkles	positive	0.6
sparkling	positive	0.6
speculative	negative	-0.4
spirit	positive	0.2
spirited	positive	0.4
spiritless	negative	-0.4
spiteful	negative	-0.4
splendid	positive	0.6
sprightly	positive	0.4
squelched	negative	-0.2
stab	negative	-0.4
stabbed	negative	-0.4
stable	positive	0.4
stabs	negative	-0.4
stall	negative	-0.4
stalled	negative	-0.4
stalling	negative	-0.4
stamina	positive	0.4
stampede	negative	-0.4
startled	negative	-0.4
starve	negative	-0.4
starved	negative	-0.4
starves	negative	-0.4
starving	negative	-0.4
steadfast	positive	0.4
steal	negative	-0.4
steals	negative	-0.4
stereotype	negative	-0.4
stereotyped	negative	-0.4
stifled	negative	-0.2
stimulate	positive	0.2
stimulated	positive	0.2
stimulates	positive	0.2
stimulating	positive	0.4
stingy	negative	-0.4
stolen	negative	-0.4
stop	negative	-0.2
stopped	negative	-0.2
stopping	negative	-0.2
stops	negative	-0.2
stout	positive	0.4
straight	positive	0.2
strange	negative	-0.2
strangely	negative	-0.2
strangled	negative	-0.4
strength	positive	0.4
strengthen	positive	0.4
strengthened	positive	0.4
strengthening	positive	0.4
strengthens	positive	0.4
stressed	negative	-0.4
stressor	negative	-0.4
stressors	negative	-0.4
stricken	negative	-0.4
strike	negative	-0.2
strikers	negative	-0.4
strikes	negative	-0.2
strong	positive	0.4
stronger	positive	0.4
strongest	positive	0.4
struck	negative	-0.2
struggle	negative	-0.4
struggled	negative	-0.4
struggles	negative	-0.4
struggling	negative	-0.4
stubborn	negative	-0.4
stuck	negative	-0.4
stunned	negative	-0.4
stunning	positive	0.8
stupid	negative	-0.4
stupidly	negative	-0.4
suave	positive	0.4
substantial	positive	0.2
substantially	positive	0.2
subversive	negative	-0.4
success	positive	0.4
successful	positive	0.6
suck	negative	-0.6
sucks	negative	-0.6
suffer	negative	-0.4
suffering	negative	-0.4
suffers	negative	-0.4
suicidal	negative	-0.4
suicide	negative	-0.4
suing	negative	-0.4
sulking	negative	-0.4
sulky	negative	-0.4
sullen	negative	-0.4
sunshine	positive	0.4
super	positive	0.6
superb	positive	1
superior	positive	0.4
support	positive	0.4
supported	positive	0.4
supporter	positive	0.2
supporters	positive	0.2
supporting	positive	0.2
supportive	positive	0.4
supports	positive	0.4
survived	positive	0.4
surviving	positive	0.4
survivor	positive	0.4
suspect	negative	-0.2
suspected	negative	-0.2
suspecting	negative	-0.2
suspects	negative	-0.2
suspend	negative	-0.2
suspended	negative	-0.2
suspicious	negative	-0.4
swear	negative	-0.4
swearing	negative	-0.4
swears	negative	-0.4
sweet	positive	0.4
swift	positive	0.4
swiftly	positive	0.4
swindle	negative	-0.6
swindles	negative	-0.6
swindling	negative	-0.6
sympathetic	positive	0.4
sympathy	positive	0.4
tard	negative	-0.4
tears	negative	-0.4
tender	positive	0.4
tense	negative	-0.4
tension	negative	-0.2
terrible	negative	-0.6
terribly	negative	-0.6
terrific	positive	0.8
terrified	negative	-0.6
terror	negative	-0.6
terrorize	negative	-0.6
terrorized	negative	-0.6
terrorizes	negative	-0.6
thank	positive	0.4
thankful	positive	0.4
thanks	positive	0.4
thorny	negative	-0.4
thoughtful	positive	0.4
thoughtless	negative	-0.4
threat	negative	-0.4
threaten	negative	-0.4
threatened	negative	-0.4
threatening	negative	-0.4
threatens	negative	-0.4
threats	negative	-0.4
thrilled	positive	1
thwart	negative	-0.4
thwarted	negative	-0.4
thwarting	negative	-0.4
thwarts	negative	-0.4
timid	negative	-0.4
timorous	negative	-0.4
tired	negative	-0.4
tits	negative	-0.4
tolerant	positive	0.4
toothless	negative	-0.4
top	positive	0.4
tops	positive	0.4
torn	negative	-0.4
torture	negative	-0.8
tortured	negative	-0.8
tortures	negative	-0.8
torturing	negative	-0.8
totalitarian	negative	-0.4
totalitarianism	negative	-0.4
tout	negative	-0.4
touted	negative	-0.4
touting	negative	-0.4
touts	negative	-0.4
tragedy	negative	-0.4
tragic	negative	-0.4
tranquil	positive	0.4
trap	negative	-0.2
trapped	negative	-0.4
trauma	negative	-0.6
traumatic	negative	-0.6
travesty	negative	-0.4
treason	negative	-0.6
treasonous	negative	-0.6
treasure	positive	0.4
treasures	positive	0.4
trembling	negative	-0.4
tremulous	negative	-0.4
tricked	negative	-0.4
trickery	negative	-0.4
triumph	positive	0.8
triumphant	positive	0.8
trouble	negative	-0.4
troubled	negative	-0.4
troubles	negative	-0.4
TRUE	positive	0.4
trust	positive	0.2
trusted	positive	0.4
tumor	negative	-0.4
twat	negative	-1
ugly	negative	-0.6
unacceptable	negative	-0.4
unappreciated	negative	-0.4
unapproved	negative	-0.4
unaware	negative	-0.4
unbelievable	negative	-0.2
unbelieving	negative	-0.2
unbiased	positive	0.4
uncertain	negative	-0.2
unclear	negative	-0.2
uncomfortable	negative	-0.4
unconcerned	negative	-0.4
unconfirmed	negative	-0.2
unconvinced	negative	-0.2
uncredited	negative	-0.2
undecided	negative	-0.2
underestimate	negative	-0.2
underestimated	negative	-0.2
underestimates	negative	-0.2
underestimating	negative	-0.2
undermine	negative	-0.4
undermined	negative	-0.4
undermines	negative	-0.4
undermining	negative	-0.4
undeserving	negative	-0.4
undesirable	negative	-0.4
uneasy	negative	-0.4
unemployment	negative	-0.4
unequal	negative	-0.2
unequaled	positive	0.4
unethical	negative	-0.4
unfair	negative	-0.4
unfocused	negative	-0.4
unfulfilled	negative	-0.4
unhappy	negative	-0.4
unhealthy	negative	-0.4
unified	positive	0.2
unimpressed	negative	-0.4
unintelligent	negative	-0.4
united	positive	0.2
unjust	negative	-0.4
unlovable	negative	-0.4
unloved	negative	-0.4
unmatched	positive	0.2
unmotivated	negative	-0.4
unprofessional	negative	-0.4
unresearched	negative	-0.4
unsatisfied	negative	-0.4
unsecured	negative	-0.4
unsettled	negative	-0.2
unsophisticated	negative	-0.4
unstable	negative	-0.4
unstoppable	positive	0.4
unsupported	negative	-0.4
unsure	negative	-0.2
untarnished	positive	0.4
unwanted	negative	-0.4
unworthy	negative	-0.4
upset	negative	-0.4
upsets	negative	-0.4
upsetting	negative	-0.4
uptight	negative	-0.4
urgent	negative	-0.2
useful	positive	0.4
usefulness	positive	0.4
useless	negative	-0.4
uselessness	negative	-0.4
vague	negative	-0.4
validate	positive	0.2
validated	positive	0.2
validates	positive	0.2
validating	positive	0.2
verdict	negative	-0.2
verdicts	negative	-0.2
vested	positive	0.2
vexation	negative	-0.4
vexing	negative	-0.4
vibrant	positive	0.6
vicious	negative	-0.4
victim	negative	-0.6
victimize	negative	-0.6
victimized	negative	-0.6
victimizes	negative	-0.6
victimizing	negative	-0.6
victims	negative	-0.6
vigilant	positive	0.6
vile	negative	-0.6
vindicate	positive	0.4
vindicated	positive	0.4
vindicates	positive	0.4
vindicating	positive	0.4
violate	negative	-0.4
violated	negative	-0.4
violates	negative	-0.4
violating	negative	-0.4
violence	negative	-0.6
violent	negative	-0.6
virtuous	positive	0.4
virulent	negative	-0.4
vision	positive	0.2
visionary	positive	0.6
visioning	positive	0.2
visions	positive	0.2
vitality	positive	0.6
vitamin	positive	0.2
vitriolic	negative	-0.6
vivacious	positive	0.6
vociferous	negative	-0.2
vulnerability	negative	-0.4
vulnerable	negative	-0.4
walkout	negative	-0.4
walkouts	negative	-0.4
wanker	negative	-0.6
want	positive	0.2
war	negative	-0.4
warfare	negative	-0.4
warm	positive	0.2
warmth	positive	0.4
warn	negative	-0.4
warned	negative	-0.4
warning	negative	-0.6
warnings	negative	-0.6
warns	negative	-0.4
waste	negative	-0.2
wasted	negative	-0.4
wasting	negative	-0.4
wavering	negative	-0.2
weak	negative	-0.4
weakness	negative	-0.4
wealth	positive	0.6
wealthy	positive	0.4
weary	negative	-0.4
weep	negative	-0.4
weeping	negative	-0.4
weird	negative	-0.4
welcome	positive	0.4
welcomed	positive	0.4
welcomes	positive	0.4
whimsical	positive	0.2
whitewash	negative	-0.6
whore	negative	-0.8
wicked	negative	-0.4
widowed	negative	-0.2
willingness	positive	0.4
win	positive	0.8
winner	positive	0.8
winning	positive	0.8
wins	positive	0.8
winwin	positive	0.6
wish	positive	0.2
wishes	positive	0.2
wishing	positive	0.2
withdrawal	negative	-0.6
woebegone	negative	-0.4
woeful	negative	-0.6
won	positive	0.6
wonderful	positive	0.8
woo	positive	0.6
woohoo	positive	0.6
wooo	positive	0.8
woow	positive	0.8
worn	negative	-0.2
worried	negative	-0.6
worry	negative	-0.6
worrying	negative	-0.6
worse	negative	-0.6
worsen	negative	-0.6
worsened	negative	-0.6
worsening	negative	-0.6
worsens	negative	-0.6
worshiped	positive	0.6
worst	negative	-0.6
worth	positive	0.4
worthless	negative	-0.4
worthy	positive	0.4
wow	positive	0.8
wowow	positive	0.8
wowww	positive	0.8
wrathful	negative	-0.6
wreck	negative	-0.4
wrong	negative	-0.4
wronged	negative	-0.4
wtf	negative	-0.8
yeah	positive	0.2
yearning	positive	0.2
yeees	positive	0.4
yes	positive	0.2
youthful	positive	0.4
yucky	negative	-0.4
yummy	positive	0.6
zealot	negative	-0.4
zealots	negative	-0.4
zealous	positive	0.4
